kaushik.das - iiitg@123
saurav.kumar - iiitg@abc
pasumarthi.sreekar - iiitg@abc
moumita.roy - iiitg@abc
shruti.sharan - iiitg@abc
anurag.anand - iiitg@abc
mayank.kumar - iiitg@abc
tridib.roy21 - iiitg@abc
parashjyoti.borah - iiitg@abc
shobhit.belwal - iiitg@abc
dibyo - iiitg@abc
rimpa.deka - iiitg@abc
meghali.nandi - iiitg@abc
suraj.kumar - iiitg@abc
debaleena.chakraborty - iiitg@abc
rajiv.choudhury - iiitg@abc
ishan.acharyya - iiitg@abc
shiksha.pandey21 - iiitg@abc
naman.nayal - iiitg@abc
bondita.paul - iiitg@abc
beerappa - iiitg@abc
aayush.singh - iiitg@abc
ravi.patel - iiitg@abc
nilkanta.sahu - iiitg@abc
debleena.bhattacharjee - debleena.bhattacharjee
angelish.db - angelish.db
palathoti.raju - palathoti.raju
raushan.k - raushan.k
kashmiri.borah - kashmiri.borah
franklin.buragohain - franklin.buragohain
kakul.srivatsavam22 - kakul.srivatsavam22
kadam.devdas - kadam.devdas
payel.sarmahm22 - payel.sarmahm22
kandukuru.sukumar - kandukuru.sukumar
inampudi.kumar - inampudi.kumar
arijit.nath - arijit.nath
satyam.kumar21b - satyam.kumar21b
gaurav.choudhary - gaurav.choudhary
bhavana.barman - bhavana.barman
debanjana.chakraborty - debanjana.chakraborty
sanjib.singha - sanjib.singha
babita - babita
bittu.mishra - bittu.mishra
jyotirmoy.nath23m - jyotirmoy.nath23m
vipul.nailwal - vipul.nailwal
ekha.morang - ekha.morang
deepanika.gupta22b - deepanika.gupta22b
soumya.mitra22b - soumya.mitra22b
rajat.amat - rajat.amat
krish.kahnani22b - krish.kahnani22b
divyraj.saini22b - divyraj.saini22b
vimal.narassimmane21b - vimal.narassimmane21b
dipankar.sarma - dipankar.sarma
akshit.aggarwal - akshit.aggarwal
sunny.mallick21b - sunny.mallick21b
yash.agrawal21b - yash.agrawal21b
gargee.handique - gargee.handique
